Day_of_week,Age_band_of_driver,Sex_of_driver,Educational_level,Vehicle_driver_relation,Driving_experience,Type_of_vehicle,Owner_of_vehicle,Service_year_of_vehicle,Defect_of_vehicle,Area_accident_occured,Lanes_or_Medians,Road_allignment,Types_of_Junction,Road_surface_type,Road_surface_conditions,Light_conditions,Weather_conditions,Type_of_collision,Number_of_vehicles_involved,Number_of_casualties,Vehicle_movement,Casualty_class,Sex_of_casualty,Age_band_of_casualty,Casualty_severity,Work_of_casuality,Fitness_of_casuality,Pedestrian_movement,Cause_of_accident,Hour_of_Day,Accident_Severity
3,2,0,2,2,4,4,0,5,0,9,5,8,5,3,3,3,6,7,2,1,9,3,2,4,0,2,2,7,16,7,1
2,2,0,0,1,2,6,0,4,0,8,5,8,3,3,3,3,6,7,2,1,9,2,1,1,3,3,2,7,14,8,1
2,2,0,2,1,4,8,0,3,0,8,1,8,3,3,3,3,6,7,2,1,10,1,0,0,2,4,2,6,16,8,1
1,3,0,2,1,1,4,0,5,0,10,1,8,5,3,3,3,6,7,4,5,10,0,1,1,3,4,2,7,16,16,2
4,1,0,2,1,2,4,0,3,0,7,3,8,5,3,3,3,6,7,4,5,10,2,0,1,3,3,2,7,16,22,2
4,1,0,3,1,2,8,0,5,0,4,5,8,5,3,3,3,6,6,4,5,10,3,2,4,0,3,2,7,14,22,2
4,1,0,3,1,2,4,0,5,0,6,3,8,3,4,3,3,6,7,4,5,10,2,0,1,3,4,2,7,15,22,2
4,1,1,3,1,4,7,0,5,0,8,5,8,3,3,3,3,6,7,4,5,10,3,2,4,0,4,2,7,12,22,2
5,1,1,2,1,4,3,0,4,0,8,5,1,3,3,3,2,6,7,2,3,11,3,2,4,0,3,2,7,15,3,0
1,3,1,2,1,5,8,0,2,0,9,2,8,3,3,3,2,6,7,2,2,11,0,0,3,3,3,2,7,16,9,2
1,4,1,3,2,2,6,0,2,0,0,3,8,3,3,3,3,6,7,1,1,10,2,0,2,3,4,2,7,10,9,2
1,4,1,2,1,4,4,0,5,0,10,5,8,5,3,2,3,5,7,2,1,11,3,2,4,0,4,2,7,17,9,2
1,4,0,2,1,1,4,0,5,0,6,5,8,4,3,2,3,5,7,2,1,4,2,0,2,3,4,2,7,17,9,2
1,4,0,2,1,4,6,0,5,0,8,0,8,4,3,3,2,6,7,2,1,8,3,2,4,0,4,2,7,15,9,2
1,4,0,4,1,5,7,1,0,0,8,3,8,4,3,3,2,6,7,2,1,10,2,0,1,3,4,2,7,11,9,2
3,0,0,2,1,4,7,0,3,0,10,3,8,4,3,3,3,6,7,2,1,11,3,2,4,0,5,2,7,12,7,2
3,1,0,3,1,2,7,1,5,0,8,5,8,4,3,3,3,6,7,2,1,9,3,2,4,0,4,2,7,14,7,2
1,1,0,2,1,6,2,0,1,0,1,3,4,4,3,3,3,6,7,3,3,10,2,0,1,3,4,2,7,14,20,1
1,1,0,5,1,2,7,0,2,0,1,3,4,4,3,3,3,6,7,3,3,11,2,1,1,3,0,2,7,10,20,1
1,1,1,2,1,5,4,0,5,0,9,2,8,4,3,3,3,6,7,3,3,9,3,2,4,0,4,2,7,16,17,1
1,2,0,2,1,2,4,0,2,0,8,3,4,4,3,3,3,6,7,3,3,10,3,2,4,0,4,2,7,12,17,1
1,2,0,2,1,4,8,0,5,0,8,5,8,4,3,3,3,6,6,1,1,10,2,0,2,3,4,2,7,15,17,2
5,4,0,2,1,2,8,0,5,7,3,5,8,3,3,3,3,6,7,3,2,9,0,1,2,3,4,2,7,14,15,2
5,1,0,2,0,6,3,0,4,0,8,5,8,3,3,3,3,6,7,3,2,10,3,2,4,0,2,2,7,16,15,2
5,1,1,2,1,2,4,0,3,5,7,5,8,2,3,3,3,6,7,3,2,6,2,1,2,3,4,2,7,13,9,2
5,3,1,2,1,2,7,0,5,0,9,3,8,2,3,3,3,6,7,2,1,10,0,1,3,3,3,2,7,11,9,2
5,2,1,2,1,5,7,0,5,0,9,4,5,5,3,3,3,6,5,2,1,10,1,1,1,3,4,2,7,13,9,2
0,1,0,2,1,2,7,1,5,0,9,4,3,4,3,3,2,6,7,3,3,9,3,2,4,0,4,2,7,12,11,2
0,3,0,5,2,2,7,0,2,0,10,3,5,6,3,3,2,6,7,3,3,10,2,0,0,3,5,2,7,16,11,2
4,4,0,5,1,0,7,0,2,0,10,3,8,6,3,3,2,6,7,3,3,10,2,0,1,3,4,2,7,16,13,2
4,1,0,2,1,2,4,0,5,0,8,4,8,6,3,3,2,6,7,3,3,10,3,2,4,0,5,2,7,16,13,2
3,1,0,2,1,4,3,0,5,0,10,4,8,4,3,3,2,6,7,3,3,10,3,2,4,0,5,2,7,14,15,2
3,1,0,2,1,5,8,0,0,0,10,3,7,5,3,3,3,6,7,2,3,10,2,0,1,3,5,2,7,14,15,2
3,2,0,2,1,5,4,0,3,0,10,4,8,4,3,3,3,6,7,2,3,9,0,0,0,3,4,2,7,12,15,2
3,2,0,2,2,4,4,1,3,0,10,3,8,4,3,3,3,6,7,2,3,10,0,0,0,3,4,2,7,15,10,2
3,2,0,3,1,2,4,0,2,0,10,2,7,5,3,3,3,6,5,2,3,10,2,0,3,3,4,2,7,12,10,2
3,1,0,2,1,2,4,0,5,0,10,4,8,5,3,3,3,6,7,2,1,9,2,0,1,3,4,2,7,12,15,2
3,1,0,2,1,1,6,0,2,0,7,4,8,5,3,3,3,6,7,2,1,9,0,1,2,3,4,2,7,13,15,2
3,1,0,2,1,2,7,0,3,0,10,3,8,3,3,3,3,4,7,2,1,10,2,0,2,2,4,2,7,13,18,2
0,1,2,2,1,2,7,2,2,0,6,4,8,3,3,3,3,4,7,2,1,10,3,2,4,0,2,2,7,9,3,2
0,1,0,3,1,4,7,0,5,0,8,2,8,5,3,3,3,6,6,2,2,10,2,0,1,3,5,2,7,11,3,2
0,1,0,2,1,5,4,1,4,0,10,4,8,5,3,3,3,6,7,2,2,10,3,2,4,0,4,2,7,12,3,2
6,2,0,2,0,6,8,0,5,0,9,4,8,4,3,3,3,6,7,2,1,10,2,0,1,3,5,2,7,13,17,2
6,1,0,2,1,2,4,0,5,0,6,5,8,4,3,3,3,6,7,2,1,10,1,0,2,3,3,2,6,12,17,2
6,1,0,2,1,4,5,0,1,0,6,2,8,4,3,3,2,6,7,2,1,10,1,1,1,3,5,2,7,13,17,2
6,1,0,5,1,2,2,0,5,0,10,4,8,5,3,3,2,6,7,2,1,10,1,1,0,3,3,2,7,12,17,2
4,2,0,2,0,6,4,2,4,0,2,4,8,5,3,3,3,6,7,2,2,10,3,2,4,0,5,2,7,15,19,2
3,2,0,2,1,2,5,0,5,0,9,1,8,3,3,3,3,6,7,2,2,10,2,0,2,3,3,2,7,14,10,2
3,3,0,2,1,2,2,0,2,0,7,3,8,4,3,3,3,6,6,2,2,11,2,0,2,3,5,2,7,12,10,2
4,0,0,2,1,5,4,2,3,0,2,3,5,6,3,3,3,6,7,3,1,10,2,1,2,3,5,2,7,13,9,2
4,1,0,2,1,1,7,0,4,0,9,5,8,2,3,3,3,6,7,3,1,8,0,1,2,3,3,2,7,12,9,2
0,1,0,2,1,2,3,0,2,0,10,4,3,2,3,3,3,6,7,3,1,10,2,0,1,3,2,2,7,16,16,2
0,1,0,2,1,1,4,0,1,0,9,3,8,4,3,3,3,6,7,2,1,8,1,0,2,3,5,2,4,14,16,2
3,1,0,4,1,4,7,0,2,0,9,4,5,4,3,3,3,6,4,2,1,10,3,2,4,0,2,2,7,14,19,2
2,1,0,5,1,2,4,0,5,0,10,2,6,4,3,2,3,5,7,1,1,8,2,0,1,3,5,2,7,16,16,2
2,2,0,2,1,1,6,0,1,0,9,3,7,5,3,3,3,6,7,2,1,11,2,1,1,3,2,2,7,14,12,2
4,2,0,2,0,6,7,0,5,0,8,3,8,5,3,3,3,6,6,2,1,10,3,2,4,0,5,2,7,13,19,2
4,1,0,4,1,1,5,0,5,0,10,4,8,5,3,3,3,6,7,2,1,8,2,0,0,3,2,2,7,14,19,2
5,1,0,4,1,1,7,0,2,0,9,2,8,5,3,3,3,6,7,2,1,11,0,1,1,3,2,2,7,16,17,2
5,3,0,2,0,6,8,0,3,0,9,3,5,3,3,2,3,5,7,1,1,10,3,2,4,0,2,2,7,15,17,1
5,3,0,4,1,2,4,0,5,0,9,5,8,4,3,3,3,6,6,2,1,10,1,1,2,3,4,2,6,16,17,2
1,1,0,2,1,5,7,0,3,0,10,4,7,4,3,3,3,6,6,2,1,10,2,0,1,3,4,2,7,8,18,2
1,1,0,2,1,5,7,0,5,0,7,3,8,4,3,3,3,6,7,3,2,9,1,1,1,3,1,2,7,16,18,2
3,2,0,2,1,4,7,0,5,0,6,3,8,5,3,3,3,6,7,3,2,10,2,0,3,3,4,2,7,10,15,2
6,0,0,2,1,2,4,0,1,0,9,2,8,5,3,3,3,6,6,3,2,10,3,2,4,0,3,2,7,9,14,2
4,2,0,6,1,1,3,0,5,0,7,3,8,5,3,2,3,5,6,2,1,10,3,2,4,0,5,2,7,11,17,2
4,2,0,2,1,1,3,0,5,0,9,3,8,3,3,2,3,5,7,2,1,10,2,0,1,3,5,2,7,12,17,2
4,2,0,4,1,2,7,0,5,0,9,5,8,3,3,3,3,6,5,2,1,11,0,0,3,3,4,2,7,15,17,1
6,3,0,2,2,2,7,0,5,0,8,4,8,3,3,3,3,6,7,2,1,11,0,1,2,2,4,2,7,14,17,1
6,0,0,2,1,4,7,0,3,0,9,4,8,5,3,2,3,6,7,2,1,10,2,0,1,3,4,2,7,15,17,2
0,1,0,3,1,2,7,0,3,0,8,3,8,5,3,2,3,6,7,2,1,7,3,2,4,0,4,2,7,9,16,2
0,2,0,3,2,4,4,0,2,0,9,2,8,5,3,3,3,6,7,2,1,10,1,1,2,3,5,2,3,12,16,2
0,1,0,2,1,5,7,0,2,0,9,2,8,5,3,3,3,6,7,2,1,9,1,0,1,3,4,2,4,12,16,2
3,1,0,2,1,4,7,0,5,0,10,4,8,5,3,3,3,6,6,2,1,9,1,0,1,3,3,2,4,14,9,1
3,1,0,4,1,4,6,0,5,0,10,4,8,5,3,3,3,6,6,2,1,10,3,2,4,0,3,2,7,15,9,1
5,1,0,2,1,4,4,0,4,0,8,4,8,3,3,3,3,6,7,1,2,11,2,0,1,3,3,2,7,15,8,1
4,2,0,2,1,5,4,0,5,0,7,4,8,3,3,3,3,6,7,1,2,10,3,2,4,0,4,2,7,14,10,1
2,1,0,2,0,2,5,1,5,0,7,2,8,5,3,2,3,6,7,2,1,10,2,0,2,3,5,2,7,14,16,2
3,1,0,2,1,2,8,0,2,0,8,2,8,5,3,2,3,6,7,2,1,10,3,2,4,0,5,2,7,7,17,2
3,2,0,2,1,2,4,0,5,0,9,4,7,5,3,3,3,6,7,2,2,10,2,0,0,3,3,2,7,10,17,1
3,2,0,2,0,6,8,0,3,0,9,4,7,5,2,3,3,6,7,2,2,10,2,0,2,3,5,2,7,14,17,1
3,2,0,3,1,4,4,0,2,0,8,4,8,5,3,3,3,6,7,2,2,10,3,2,4,0,5,2,7,9,17,1
0,1,1,2,1,4,4,0,3,0,7,5,8,3,3,3,3,6,7,1,1,10,2,1,1,3,5,2,7,13,15,1
0,1,0,2,1,5,7,0,5,0,10,4,8,5,3,2,3,6,7,3,4,10,3,2,4,0,4,2,7,12,15,2
0,1,0,2,1,2,6,0,5,0,9,4,8,5,3,2,3,6,7,3,4,11,2,0,2,3,5,2,7,16,15,2
0,2,0,2,2,5,6,0,5,0,10,4,8,5,3,2,3,6,8,3,4,10,3,2,4,0,4,2,7,12,15,2
3,1,0,2,1,2,7,0,5,0,10,4,8,4,3,2,3,6,7,3,4,4,1,0,3,3,4,2,7,5,16,2
3,3,0,3,0,4,7,0,5,0,10,5,8,4,3,2,3,6,6,2,1,10,3,2,4,0,4,2,7,14,16,2
3,2,1,3,1,4,5,1,2,0,8,4,8,5,3,2,3,6,7,2,1,10,2,0,2,3,4,2,7,16,16,2
6,1,0,2,0,4,4,0,0,0,7,3,8,5,3,3,3,7,7,2,1,10,3,2,4,0,3,2,7,12,17,2
6,2,0,2,1,4,4,0,5,0,10,3,8,5,3,3,3,7,7,2,1,2,2,0,1,3,3,2,7,12,17,2
5,4,0,3,1,5,4,0,5,0,10,1,8,5,3,2,3,7,7,2,3,10,0,0,2,3,4,2,7,12,11,2
5,3,0,2,0,1,7,0,5,0,8,4,8,5,3,2,3,7,7,2,3,10,0,0,0,3,4,2,7,16,11,2
5,2,0,2,1,4,7,0,5,0,9,1,8,6,3,2,3,7,7,2,3,10,2,0,0,3,5,2,7,16,11,2
5,2,0,3,1,2,4,0,5,0,6,4,8,3,3,2,3,7,6,2,3,10,0,1,0,3,4,2,7,10,11,2
5,3,0,2,1,5,4,1,5,0,8,2,8,3,3,3,3,6,6,2,1,7,3,2,4,0,4,2,7,9,12,1
5,3,0,3,2,2,7,0,5,0,9,5,8,4,3,3,3,6,7,2,1,10,2,1,1,3,4,2,7,15,12,1
5,1,0,2,1,4,8,0,2,0,10,5,8,4,3,3,3,6,6,1,1,10,3,2,4,0,5,2,7,14,12,1
5,1,0,2,1,1,8,0,5,0,7,5,8,3,3,3,3,6,6,3,1,9,2,0,2,3,5,2,7,13,12,2
4,2,0,2,1,4,7,0,4,0,6,5,8,3,3,3,3,6,7,3,1,10,3,2,4,0,4,2,7,12,7,2
4,2,0,4,1,5,5,0,5,0,4,1,8,3,3,3,3,6,7,3,1,9,3,2,4,0,4,2,7,12,7,2
6,1,0,2,1,4,7,0,5,0,0,3,8,3,3,2,3,5,6,2,2,10,2,0,1,3,3,2,7,15,19,2
6,2,0,3,1,2,7,0,5,0,10,4,8,5,3,2,3,5,7,2,2,10,2,1,3,3,4,2,7,12,19,2
6,3,0,2,1,6,2,0,5,0,10,4,8,5,3,3,3,6,7,2,1,10,3,2,4,0,4,2,7,6,20,2
6,3,0,5,1,2,4,0,5,0,6,4,8,5,3,3,3,6,7,2,1,10,0,1,1,2,4,2,7,9,20,2
6,3,0,2,1,5,4,1,2,0,10,4,8,5,3,3,3,6,7,3,1,2,3,2,4,0,5,2,7,15,20,2
6,3,0,2,1,2,4,1,5,0,9,5,8,5,3,3,3,6,7,3,1,10,0,0,3,3,4,2,7,13,20,2
6,3,0,2,1,4,4,0,5,0,10,5,8,5,3,3,3,6,7,3,1,10,3,2,4,0,4,2,7,16,20,2
6,2,1,2,1,2,8,0,5,0,9,4,8,3,3,3,3,6,5,1,1,10,2,0,1,3,3,2,7,14,20,2
2,3,1,2,0,6,6,0,5,0,9,3,8,3,3,3,2,6,7,4,1,10,3,2,4,0,5,2,7,16,13,2
2,1,0,2,1,2,6,2,5,0,10,5,8,3,3,3,2,6,6,4,1,10,2,0,1,3,5,2,7,16,13,2
2,4,0,2,1,2,4,1,2,0,10,5,8,3,3,3,2,6,7,4,1,10,3,2,4,0,4,2,7,7,13,2
2,4,0,2,1,5,4,0,5,0,10,3,8,3,3,3,2,6,7,4,1,3,2,0,1,3,4,2,7,10,13,2
6,0,0,2,1,2,1,0,4,0,10,5,8,3,3,3,3,6,7,3,3,7,2,0,2,3,4,2,7,13,13,2
6,1,0,5,2,2,4,0,5,0,8,3,8,4,3,3,3,6,7,3,3,6,3,2,4,0,5,2,7,9,13,2
4,1,0,5,1,0,7,0,2,0,7,3,8,3,3,3,3,6,7,3,3,9,3,2,4,0,4,2,7,12,7,2
4,1,0,2,1,2,4,0,2,0,9,2,8,3,3,3,3,6,7,2,1,9,2,0,2,3,3,2,7,5,7,2
3,2,0,2,1,4,6,0,2,0,7,5,8,6,3,3,3,6,7,2,1,10,2,1,2,3,3,2,7,9,15,2
4,3,0,2,1,5,8,0,2,0,10,4,8,6,3,3,3,6,7,2,1,7,3,2,4,0,5,2,7,15,20,2
4,2,0,2,1,5,4,0,5,0,10,5,8,5,3,3,3,6,7,2,1,10,3,2,4,0,5,2,7,14,20,2
4,2,0,2,2,4,6,0,1,0,5,5,6,5,3,3,3,6,6,2,1,10,2,0,2,3,4,2,7,16,20,2
3,3,0,3,1,2,8,0,3,0,9,4,7,5,3,3,3,6,7,2,1,2,1,1,1,3,4,2,7,16,17,2
3,3,0,2,1,2,7,0,0,0,10,5,6,5,3,3,3,6,6,2,1,10,1,0,1,2,5,2,7,12,17,2
3,2,0,2,1,1,7,0,5,0,9,3,8,5,3,3,3,6,7,2,1,10,1,1,3,2,4,2,7,12,17,2
4,1,0,2,1,2,6,0,5,0,10,3,8,4,3,3,3,6,7,1,1,2,1,1,2,3,3,2,6,12,14,1
6,2,0,2,1,2,7,0,2,0,10,4,8,3,3,3,3,6,8,2,1,3,3,2,4,0,3,2,7,7,12,2
6,1,0,3,1,4,7,0,5,0,9,3,8,5,3,3,3,6,5,2,1,10,2,0,2,3,3,2,7,14,12,2
1,1,0,2,1,5,6,0,5,0,10,2,8,5,3,3,3,6,7,3,1,9,2,0,2,3,5,2,7,14,7,2
2,2,0,2,0,6,6,0,5,0,7,5,8,5,3,3,3,6,7,3,1,6,3,2,4,0,3,2,7,12,16,2
2,2,0,2,1,2,4,0,5,0,9,4,8,5,3,3,3,6,7,3,1,10,2,1,1,3,3,2,7,15,8,2
2,1,0,2,1,4,5,0,4,0,9,4,8,5,3,3,3,6,5,1,1,10,3,2,4,0,4,1,7,15,8,2
2,1,0,5,1,2,4,0,2,0,10,3,5,5,3,3,3,6,6,2,1,7,3,2,4,0,4,2,7,13,8,2
1,1,0,2,0,6,8,0,2,0,8,3,8,5,3,3,3,6,8,2,1,9,2,0,1,3,3,2,7,14,18,2
4,2,0,2,1,2,4,0,5,0,8,3,8,5,3,3,3,6,7,1,2,10,1,1,1,3,3,2,8,15,12,1
4,2,1,2,1,2,4,0,3,7,10,4,8,6,3,3,3,6,8,1,2,9,3,2,4,0,4,2,7,9,12,1
2,1,0,2,1,5,4,0,5,7,10,5,8,6,3,3,3,6,8,3,1,10,2,0,2,3,4,2,7,13,7,2
2,2,0,2,1,1,5,0,5,0,9,5,6,4,3,3,3,6,8,3,1,11,3,2,4,0,5,2,7,16,7,2
6,4,0,2,1,2,7,1,5,0,5,2,8,4,3,3,3,6,7,3,1,10,1,0,2,3,4,2,7,12,6,2
6,1,0,2,1,1,4,0,5,0,10,4,6,6,3,3,3,6,7,2,1,11,2,0,1,3,4,2,7,12,6,2
5,2,0,4,1,4,8,0,3,0,10,4,1,6,3,3,3,6,6,2,1,10,3,2,4,0,1,2,7,12,15,2
2,2,0,5,1,2,7,1,5,0,7,4,8,5,3,3,3,6,6,2,1,11,2,0,1,3,2,2,7,14,18,2
3,1,0,2,1,1,7,0,5,0,9,5,7,5,3,3,3,6,7,2,1,10,3,2,4,0,4,2,7,12,21,2
3,1,0,2,0,6,7,0,5,0,10,4,7,5,3,3,3,6,7,3,1,10,2,0,0,3,5,2,7,13,21,2
3,1,0,4,1,1,5,1,5,0,8,2,8,4,3,3,3,6,7,3,1,10,2,0,1,3,5,2,7,9,21,2
4,2,1,4,1,1,5,0,5,0,9,4,8,3,3,3,3,6,7,3,1,10,3,2,4,0,5,2,7,15,16,2
4,2,1,2,0,6,4,0,5,0,9,3,8,3,3,3,3,6,7,2,1,10,1,1,1,2,5,2,7,12,16,2
4,2,0,4,1,2,8,0,0,0,9,4,8,5,3,3,3,6,4,2,1,11,3,2,4,0,2,2,7,15,16,2
4,4,0,2,1,5,8,2,1,0,7,5,8,6,3,3,2,6,7,1,2,11,2,0,1,3,4,2,7,8,16,1
4,4,0,2,1,5,4,0,5,0,9,4,8,6,3,3,2,6,6,1,2,10,1,1,1,3,4,2,6,12,16,1
0,1,0,2,1,4,2,0,1,0,9,4,7,5,3,3,3,6,5,3,1,10,1,1,1,3,4,2,7,12,20,2
0,1,0,2,1,2,4,0,5,0,9,4,7,5,3,3,3,6,7,3,1,6,3,2,4,0,3,2,7,16,20,2
0,1,0,6,1,1,4,0,3,0,9,4,8,4,3,3,3,6,7,3,1,10,2,0,1,3,4,2,7,13,20,2
1,2,0,2,1,1,6,0,5,0,10,4,8,5,3,3,2,6,7,2,2,10,2,0,1,3,5,2,7,14,15,2
3,2,0,4,1,2,7,0,5,0,8,2,8,5,3,3,2,6,7,2,2,10,3,2,4,0,5,2,7,12,20,2
3,2,0,2,2,2,4,0,5,0,7,3,8,5,3,3,3,6,7,1,2,10,2,0,2,3,4,2,7,12,20,1
6,2,0,2,1,4,4,0,5,0,10,4,8,5,3,3,3,6,7,1,2,10,3,2,4,0,3,2,7,16,13,1
6,2,0,3,1,2,6,0,5,0,4,4,8,5,3,3,3,6,7,2,1,6,3,2,4,0,3,2,7,8,13,2
6,2,0,3,2,4,5,0,5,0,10,5,8,5,3,3,3,6,6,2,1,10,2,0,1,3,3,2,7,13,13,2
1,2,0,2,1,5,7,0,5,0,6,3,7,5,3,3,2,6,4,1,1,10,2,0,2,3,5,3,7,13,16,0
1,2,0,2,1,4,4,0,5,0,10,4,8,5,3,3,3,6,7,1,1,11,2,1,1,3,4,0,7,15,16,2
0,2,0,4,1,4,6,0,5,0,10,5,8,5,3,3,3,6,5,2,2,10,2,0,0,3,4,2,7,13,15,2
2,1,0,2,1,4,4,0,3,0,7,5,8,5,3,3,3,6,7,2,2,10,2,1,1,3,3,2,7,14,17,2
1,1,0,2,1,5,6,0,3,0,7,3,8,2,3,3,3,6,7,2,1,10,3,2,4,0,4,2,7,13,18,2
1,1,0,2,0,2,6,0,5,0,10,4,8,2,3,3,3,6,5,2,1,10,3,2,4,0,4,2,7,13,18,2
1,2,0,2,1,2,4,0,5,0,10,1,8,2,3,2,3,5,5,2,4,10,2,0,0,3,4,2,7,9,18,0
1,3,0,2,1,2,7,1,2,0,4,4,8,4,4,2,3,5,7,2,4,8,2,0,1,3,4,2,7,13,18,0
5,2,0,2,0,6,4,0,2,0,10,3,8,5,3,2,3,5,7,2,4,11,3,2,4,0,4,2,7,16,18,0
5,2,0,3,1,4,5,0,3,0,9,3,8,5,3,2,3,5,7,2,4,10,2,0,3,3,4,2,7,13,18,0
4,1,0,2,1,4,6,0,3,0,7,4,8,5,3,3,3,6,7,1,1,10,3,2,4,0,5,2,7,8,12,2
4,1,0,2,1,5,4,0,2,0,9,4,8,5,3,3,3,6,7,1,1,10,2,1,3,3,2,2,7,10,12,2
0,1,0,2,1,2,4,0,5,0,9,3,5,4,3,3,3,6,6,2,1,10,3,2,4,0,5,2,7,16,15,2
0,1,0,2,2,5,4,0,2,0,10,3,8,4,3,2,3,5,7,2,1,10,2,0,1,3,4,2,7,13,15,2
0,3,0,2,1,2,4,1,5,0,8,4,8,4,3,2,2,7,7,2,1,10,3,2,4,0,3,2,7,12,15,2
0,3,0,3,0,4,8,0,2,0,9,4,7,5,3,2,2,7,7,2,1,10,3,2,4,0,3,2,7,12,15,2
3,1,0,3,1,4,8,0,2,0,8,5,8,5,3,3,3,6,7,2,1,10,3,2,4,0,5,2,7,12,8,2
2,2,0,2,0,4,8,0,5,0,8,4,8,5,3,3,3,6,7,2,1,10,2,0,1,3,3,2,7,12,16,2
5,1,0,2,1,4,6,0,5,0,10,2,8,5,3,2,3,5,7,2,2,9,2,0,2,3,5,2,7,16,19,2
5,1,0,3,1,5,7,0,5,0,2,1,8,5,3,2,3,5,7,2,2,9,3,2,4,0,3,2,7,12,19,2
0,1,0,2,0,1,6,1,5,0,10,3,8,5,3,3,3,6,7,3,1,7,2,0,1,3,4,2,7,16,8,2
0,2,0,2,1,4,4,0,5,0,10,3,8,4,3,3,3,6,7,3,1,11,3,2,4,0,3,2,7,14,8,2
5,1,0,3,1,2,4,0,5,0,4,1,7,4,3,3,3,6,7,3,1,11,2,0,1,3,3,2,7,14,17,2
5,2,0,2,0,6,4,0,5,0,10,3,8,5,3,3,3,6,7,2,1,10,3,2,4,0,3,2,7,11,17,2
1,1,0,2,1,5,7,0,5,0,10,3,8,5,3,3,3,6,7,2,1,10,2,0,0,3,4,2,7,12,20,2
5,2,0,4,2,2,7,0,5,0,10,3,8,2,3,3,3,6,7,1,1,11,3,2,4,0,2,2,7,14,14,2
5,1,0,2,1,2,7,0,0,0,9,4,8,2,3,3,3,6,7,1,1,11,3,2,4,0,5,2,7,16,14,1
4,3,0,2,1,2,6,0,2,0,10,4,7,5,3,3,3,6,7,1,1,10,2,0,1,3,5,2,7,12,14,2
1,3,0,5,2,2,6,0,5,0,8,4,8,5,3,3,3,6,6,2,1,8,3,2,4,0,5,2,7,15,16,2
1,3,0,2,0,6,8,0,3,0,10,3,8,4,3,3,3,6,7,2,1,11,2,0,2,3,5,2,7,16,16,2
5,2,0,3,2,2,6,0,5,0,10,3,8,4,3,3,3,6,7,1,1,7,3,2,4,0,3,2,7,16,13,2
5,2,0,2,1,2,8,0,5,0,7,3,8,4,3,3,3,6,7,2,1,10,2,0,0,3,4,2,7,7,13,2
5,1,0,2,2,4,6,0,1,5,9,3,8,4,3,3,3,6,7,2,1,10,3,2,4,0,5,2,7,11,13,2
0,2,0,2,1,1,4,0,4,0,5,5,8,5,3,3,3,6,5,1,1,10,2,0,1,2,5,2,7,14,15,2
0,3,0,2,1,2,4,0,2,0,10,3,8,5,3,2,3,5,7,2,4,10,0,0,0,2,4,2,7,16,15,2
3,1,0,2,1,4,7,0,1,0,9,3,8,5,3,2,3,5,7,2,4,10,3,2,4,0,4,2,7,13,12,2
2,1,0,2,1,5,8,0,1,0,8,5,6,5,1,2,3,5,7,2,4,10,2,0,1,3,3,2,7,16,18,2
2,2,0,3,1,2,7,0,1,0,6,1,8,5,3,2,3,5,7,2,4,10,3,2,4,0,4,2,7,15,18,2
1,2,0,3,2,5,7,0,2,0,10,3,8,5,3,3,3,6,7,1,1,10,2,1,2,3,4,2,7,10,19,1
4,2,0,2,1,2,6,0,1,0,8,3,8,5,3,3,3,7,7,1,1,10,3,2,4,0,3,2,7,13,17,1
4,2,0,2,1,4,4,0,1,0,4,4,8,5,3,2,1,5,7,1,1,11,3,2,4,0,3,2,7,12,17,1
4,2,0,2,1,2,4,0,5,7,9,5,8,3,3,3,3,6,7,2,1,10,2,1,3,3,4,2,7,16,12,2
4,1,0,2,1,2,4,0,5,0,3,4,8,6,3,3,3,6,5,2,1,10,2,0,3,3,3,2,7,10,7,2
4,1,0,2,1,2,6,0,1,0,3,4,8,6,3,3,3,6,7,2,1,9,0,0,3,3,5,2,7,13,7,2
4,1,0,2,1,2,7,0,1,0,3,3,8,6,3,3,3,6,7,2,1,10,3,2,4,0,5,2,7,13,17,2
4,2,0,2,1,5,5,1,0,0,3,3,8,6,3,3,3,6,7,1,1,9,3,2,4,0,5,2,7,12,17,2
4,1,0,2,1,5,7,0,5,0,3,5,6,4,0,2,2,6,7,2,2,11,3,2,4,0,3,2,7,13,17,2
4,2,1,3,1,4,5,0,5,0,5,5,6,4,3,2,2,6,6,2,2,10,2,0,1,3,4,2,7,8,9,2
4,1,0,2,1,6,8,0,4,0,3,4,8,4,3,3,3,6,7,1,1,8,0,0,3,3,2,2,7,14,9,1
2,2,0,2,1,2,7,0,5,0,3,3,8,4,3,3,3,6,7,2,1,10,3,2,4,0,4,2,7,16,16,2
6,4,0,3,1,4,4,0,5,0,3,4,3,4,3,3,3,6,7,2,1,11,3,2,4,0,4,2,7,16,18,2
6,3,0,2,1,4,2,0,2,0,3,4,5,4,3,3,3,6,7,1,1,11,2,0,2,3,4,2,7,15,13,1
6,1,1,2,1,5,7,0,2,0,9,3,5,4,3,3,2,6,7,2,1,11,3,2,4,0,4,2,7,9,13,2
6,1,0,2,1,4,8,0,2,0,3,3,5,2,3,3,2,6,7,2,1,3,1,1,0,3,4,2,6,15,13,2